loss,grad_norm,learning_rate,epoch
24766.1475,28218.248046875,8.873736244444311e-06,0.8
20119.3825,23576.83984375,5.043876429226962e-06,1.592
17752.6237,16924.62890625,1.1823418116502566e-06,2.384
1755.5662,1.709,0.108,1.7968436084736e+16,20118.871362433863,3.0
