{"train/global_step":189,"train_runtime":1755.5662,"_step":3,"train/loss":17752.6237,"train_steps_per_second":0.108,"train/epoch":3,"_runtime":1754.818588214,"train/learning_rate":1.1823418116502566e-06,"_wandb":{"runtime":1770},"total_flos":1.7968436084736e+16,"train/grad_norm":16924.62890625,"train_samples_per_second":1.709,"train_loss":20118.871362433863,"_timestamp":1.751568856516673e+09}